{
    "rmse": 0.6507639621521745,
    "mae": 0.5175002585356459,
    "r2": 0.27122055681294677
}